{
	"partitions" : [
		{
			"name" : "Top",
			"pins" : [
				{
					"name" : "Y",
					"strict" : false
				},
				{
					"name" : "I5",
					"strict" : false
				},
				{
					"name" : "S[0]",
					"strict" : false
				},
				{
					"name" : "I6",
					"strict" : false
				},
				{
					"name" : "S[1]",
					"strict" : false
				},
				{
					"name" : "I4",
					"strict" : false
				},
				{
					"name" : "I7",
					"strict" : false
				},
				{
					"name" : "I2",
					"strict" : false
				},
				{
					"name" : "I1",
					"strict" : false
				},
				{
					"name" : "I0",
					"strict" : false
				},
				{
					"name" : "I3",
					"strict" : false
				},
				{
					"name" : "S[2]",
					"strict" : false
				}
			]
		}
	]
}