{
	"partitions" : [
		{
			"name" : "Top",
			"pins" : [
				{
					"name" : "Y0",
					"strict" : false
				},
				{
					"name" : "Y1",
					"strict" : false
				},
				{
					"name" : "Y2",
					"strict" : false
				},
				{
					"name" : "Y3",
					"strict" : false
				},
				{
					"name" : "E1",
					"strict" : false
				},
				{
					"name" : "X1",
					"strict" : false
				},
				{
					"name" : "X2",
					"strict" : false
				},
				{
					"name" : "EOL",
					"strict" : false
				}
			]
		}
	]
}